disease,disease_class,detector,sustained_alerts_total,sustained_alerts_outside_window,n_years_covered,alerts_per_year
RSウイルス感染症,sentinel/その他,D_rare,0,0,13,0.0
RSウイルス感染症,sentinel/その他,D_stat,15,15,13,1.154
RSウイルス感染症,sentinel/その他,D_growth,6,6,13,0.462
RSウイルス感染症,sentinel/その他,D_spatial,13,12,13,0.923
RSウイルス感染症,sentinel/その他,combined,16,15,13,1.154
つつが虫病,全数把握,D_rare,42,42,13,3.231
つつが虫病,全数把握,D_stat,2,2,13,0.154
つつが虫病,全数把握,D_growth,6,6,13,0.462
つつが虫病,全数把握,D_spatial,0,0,13,0.0
つつが虫病,全数把握,combined,50,50,13,3.846
アメーバ赤痢,全数把握,D_rare,0,0,13,0.0
アメーバ赤痢,全数把握,D_stat,0,0,13,0.0
アメーバ赤痢,全数把握,D_growth,0,0,13,0.0
アメーバ赤痢,全数把握,D_spatial,0,0,13,0.0
アメーバ赤痢,全数把握,combined,0,0,13,0.0
インフルエンザ,sentinel/その他,D_rare,0,0,13,0.0
インフルエンザ,sentinel/その他,D_stat,5,5,13,0.385
インフルエンザ,sentinel/その他,D_growth,13,12,13,0.923
インフルエンザ,sentinel/その他,D_spatial,10,9,13,0.692
インフルエンザ,sentinel/その他,combined,17,15,13,1.154
インフルエンザ(入院患者),sentinel/その他,D_rare,0,0,9,0.0
インフルエンザ(入院患者),sentinel/その他,D_stat,0,0,9,0.0
インフルエンザ(入院患者),sentinel/その他,D_growth,5,5,9,0.556
インフルエンザ(入院患者),sentinel/その他,D_spatial,0,0,9,0.0
インフルエンザ(入院患者),sentinel/その他,combined,5,5,9,0.556
ウイルス性肝炎,全数把握,D_rare,41,41,13,3.154
ウイルス性肝炎,全数把握,D_stat,0,0,13,0.0
ウイルス性肝炎,全数把握,D_growth,0,0,13,0.0
ウイルス性肝炎,全数把握,D_spatial,0,0,13,0.0
ウイルス性肝炎,全数把握,combined,41,41,13,3.154
ウエストナイル熱,全数把握,D_rare,0,0,13,0.0
ウエストナイル熱,全数把握,D_stat,0,0,13,0.0
ウエストナイル熱,全数把握,D_growth,0,0,13,0.0
ウエストナイル熱,全数把握,D_spatial,0,0,13,0.0
ウエストナイル熱,全数把握,combined,0,0,13,0.0
ウエストナイル熱鳥類,sentinel/その他,D_rare,0,0,2,0.0
ウエストナイル熱鳥類,sentinel/その他,D_stat,0,0,2,0.0
ウエストナイル熱鳥類,sentinel/その他,D_growth,0,0,2,0.0
ウエストナイル熱鳥類,sentinel/その他,D_spatial,0,0,2,0.0
ウエストナイル熱鳥類,sentinel/その他,combined,0,0,2,0.0
エキノコックス症,全数把握,D_rare,2,2,13,0.154
エキノコックス症,全数把握,D_stat,0,0,13,0.0
エキノコックス症,全数把握,D_growth,0,0,13,0.0
エキノコックス症,全数把握,D_spatial,0,0,13,0.0
エキノコックス症,全数把握,combined,2,2,13,0.154
エボラ出血熱,全数把握,D_rare,0,0,13,0.0
エボラ出血熱,全数把握,D_stat,0,0,13,0.0
エボラ出血熱,全数把握,D_growth,0,0,13,0.0
エボラ出血熱,全数把握,D_spatial,0,0,13,0.0
エボラ出血熱,全数把握,combined,0,0,13,0.0
オウム病,全数把握,D_rare,2,2,13,0.154
オウム病,全数把握,D_stat,0,0,13,0.0
オウム病,全数把握,D_growth,0,0,13,0.0
オウム病,全数把握,D_spatial,0,0,13,0.0
オウム病,全数把握,combined,2,2,13,0.154
オムスク出血熱,全数把握,D_rare,0,0,13,0.0
オムスク出血熱,全数把握,D_stat,0,0,13,0.0
オムスク出血熱,全数把握,D_growth,0,0,13,0.0
オムスク出血熱,全数把握,D_spatial,0,0,13,0.0
オムスク出血熱,全数把握,combined,0,0,13,0.0
キャサヌル森林病,全数把握,D_rare,0,0,13,0.0
キャサヌル森林病,全数把握,D_stat,0,0,13,0.0
キャサヌル森林病,全数把握,D_growth,0,0,13,0.0
キャサヌル森林病,全数把握,D_spatial,0,0,13,0.0
キャサヌル森林病,全数把握,combined,0,0,13,0.0
クラミジア肺炎,sentinel/その他,D_rare,0,0,13,0.0
クラミジア肺炎,sentinel/その他,D_stat,0,0,13,0.0
クラミジア肺炎,sentinel/その他,D_growth,0,0,13,0.0
クラミジア肺炎,sentinel/その他,D_spatial,0,0,13,0.0
クラミジア肺炎,sentinel/その他,combined,0,0,13,0.0
クリプトスポリジウム症,全数把握,D_rare,2,2,13,0.154
クリプトスポリジウム症,全数把握,D_stat,0,0,13,0.0
クリプトスポリジウム症,全数把握,D_growth,0,0,13,0.0
クリプトスポリジウム症,全数把握,D_spatial,0,0,13,0.0
クリプトスポリジウム症,全数把握,combined,2,2,13,0.154
クリミア・コンゴ出血熱,全数把握,D_rare,0,0,13,0.0
クリミア・コンゴ出血熱,全数把握,D_stat,0,0,13,0.0
クリミア・コンゴ出血熱,全数把握,D_growth,0,0,13,0.0
クリミア・コンゴ出血熱,全数把握,D_spatial,0,0,13,0.0
クリミア・コンゴ出血熱,全数把握,combined,0,0,13,0.0
クロイツフェルト・ヤコブ病,全数把握,D_rare,43,43,13,3.308
クロイツフェルト・ヤコブ病,全数把握,D_stat,0,0,13,0.0
クロイツフェルト・ヤコブ病,全数把握,D_growth,0,0,13,0.0
クロイツフェルト・ヤコブ病,全数把握,D_spatial,0,0,13,0.0
クロイツフェルト・ヤコブ病,全数把握,combined,43,43,13,3.308
コクシジオイデス症,全数把握,D_rare,1,1,13,0.077
コクシジオイデス症,全数把握,D_stat,0,0,13,0.0
コクシジオイデス症,全数把握,D_growth,0,0,13,0.0
コクシジオイデス症,全数把握,D_spatial,0,0,13,0.0
コクシジオイデス症,全数把握,combined,1,1,13,0.077
コレラ,全数把握,D_rare,0,0,13,0.0
コレラ,全数把握,D_stat,0,0,13,0.0
コレラ,全数把握,D_growth,0,0,13,0.0
コレラ,全数把握,D_spatial,0,0,13,0.0
コレラ,全数把握,combined,0,0,13,0.0
ジアルジア症,全数把握,D_rare,30,30,13,2.308
ジアルジア症,全数把握,D_stat,0,0,13,0.0
ジアルジア症,全数把握,D_growth,0,0,13,0.0
ジアルジア症,全数把握,D_spatial,0,0,13,0.0
ジアルジア症,全数把握,combined,30,30,13,2.308
ジフテリア,全数把握,D_rare,0,0,13,0.0
ジフテリア,全数把握,D_stat,0,0,13,0.0
ジフテリア,全数把握,D_growth,0,0,13,0.0
ジフテリア,全数把握,D_spatial,0,0,13,0.0
ジフテリア,全数把握,combined,0,0,13,0.0
ダニ媒介脳炎,全数把握,D_rare,0,0,13,0.0
ダニ媒介脳炎,全数把握,D_stat,0,0,13,0.0
ダニ媒介脳炎,全数把握,D_growth,0,0,13,0.0
ダニ媒介脳炎,全数把握,D_spatial,0,0,13,0.0
ダニ媒介脳炎,全数把握,combined,0,0,13,0.0
チクングニア熱,全数把握,D_rare,5,5,13,0.385
チクングニア熱,全数把握,D_stat,0,0,13,0.0
チクングニア熱,全数把握,D_growth,0,0,13,0.0
チクングニア熱,全数把握,D_spatial,0,0,13,0.0
チクングニア熱,全数把握,combined,5,5,13,0.385
デング熱,全数把握,D_rare,28,28,13,2.154
デング熱,全数把握,D_stat,2,2,13,0.154
デング熱,全数把握,D_growth,0,0,13,0.0
デング熱,全数把握,D_spatial,0,0,13,0.0
デング熱,全数把握,combined,29,29,13,2.231
ニパウイルス感染症,全数把握,D_rare,0,0,13,0.0
ニパウイルス感染症,全数把握,D_stat,0,0,13,0.0
ニパウイルス感染症,全数把握,D_growth,0,0,13,0.0
ニパウイルス感染症,全数把握,D_spatial,0,0,13,0.0
ニパウイルス感染症,全数把握,combined,0,0,13,0.0
ハンタウイルス肺症候群,全数把握,D_rare,0,0,13,0.0
ハンタウイルス肺症候群,全数把握,D_stat,0,0,13,0.0
ハンタウイルス肺症候群,全数把握,D_growth,0,0,13,0.0
ハンタウイルス肺症候群,全数把握,D_spatial,0,0,13,0.0
ハンタウイルス肺症候群,全数把握,combined,0,0,13,0.0
バンコマイシン耐性腸球菌感染症,全数把握,D_rare,53,53,13,4.077
バンコマイシン耐性腸球菌感染症,全数把握,D_stat,0,0,13,0.0
バンコマイシン耐性腸球菌感染症,全数把握,D_growth,0,0,13,0.0
バンコマイシン耐性腸球菌感染症,全数把握,D_spatial,0,0,13,0.0
バンコマイシン耐性腸球菌感染症,全数把握,combined,53,53,13,4.077
パラチフス,全数把握,D_rare,4,4,13,0.308
パラチフス,全数把握,D_stat,0,0,13,0.0
パラチフス,全数把握,D_growth,0,0,13,0.0
パラチフス,全数把握,D_spatial,0,0,13,0.0
パラチフス,全数把握,combined,4,4,13,0.308
ブルセラ症,全数把握,D_rare,0,0,13,0.0
ブルセラ症,全数把握,D_stat,0,0,13,0.0
ブルセラ症,全数把握,D_growth,0,0,13,0.0
ブルセラ症,全数把握,D_spatial,0,0,13,0.0
ブルセラ症,全数把握,combined,0,0,13,0.0
ヘルパンギーナ,sentinel/その他,D_rare,0,0,13,0.0
ヘルパンギーナ,sentinel/その他,D_stat,8,8,13,0.615
ヘルパンギーナ,sentinel/その他,D_growth,12,12,13,0.923
ヘルパンギーナ,sentinel/その他,D_spatial,0,0,13,0.0
ヘルパンギーナ,sentinel/その他,combined,20,20,13,1.538
ヘンドラウイルス感染症,全数把握,D_rare,0,0,13,0.0
ヘンドラウイルス感染症,全数把握,D_stat,0,0,13,0.0
ヘンドラウイルス感染症,全数把握,D_growth,0,0,13,0.0
ヘンドラウイルス感染症,全数把握,D_spatial,0,0,13,0.0
ヘンドラウイルス感染症,全数把握,combined,0,0,13,0.0
ベネズエラウマ脳炎,全数把握,D_rare,0,0,13,0.0
ベネズエラウマ脳炎,全数把握,D_stat,0,0,13,0.0
ベネズエラウマ脳炎,全数把握,D_growth,0,0,13,0.0
ベネズエラウマ脳炎,全数把握,D_spatial,0,0,13,0.0
ベネズエラウマ脳炎,全数把握,combined,0,0,13,0.0
ペスト,全数把握,D_rare,0,0,13,0.0
ペスト,全数把握,D_stat,0,0,13,0.0
ペスト,全数把握,D_growth,0,0,13,0.0
ペスト,全数把握,D_spatial,0,0,13,0.0
ペスト,全数把握,combined,0,0,13,0.0
ボツリヌス症,全数把握,D_rare,0,0,13,0.0
ボツリヌス症,全数把握,D_stat,0,0,13,0.0
ボツリヌス症,全数把握,D_growth,0,0,13,0.0
ボツリヌス症,全数把握,D_spatial,0,0,13,0.0
ボツリヌス症,全数把握,combined,0,0,13,0.0
マイコプラズマ肺炎,sentinel/その他,D_rare,0,0,13,0.0
マイコプラズマ肺炎,sentinel/その他,D_stat,5,5,13,0.385
マイコプラズマ肺炎,sentinel/その他,D_growth,0,0,13,0.0
マイコプラズマ肺炎,sentinel/その他,D_spatial,0,0,13,0.0
マイコプラズマ肺炎,sentinel/その他,combined,5,5,13,0.385
マラリア,全数把握,D_rare,34,34,13,2.615
マラリア,全数把握,D_stat,0,0,13,0.0
マラリア,全数把握,D_growth,0,0,13,0.0
マラリア,全数把握,D_spatial,0,0,13,0.0
マラリア,全数把握,combined,34,34,13,2.615
マールブルグ病,全数把握,D_rare,0,0,13,0.0
マールブルグ病,全数把握,D_stat,0,0,13,0.0
マールブルグ病,全数把握,D_growth,0,0,13,0.0
マールブルグ病,全数把握,D_spatial,0,0,13,0.0
マールブルグ病,全数把握,combined,0,0,13,0.0
ライム病,全数把握,D_rare,7,7,13,0.538
ライム病,全数把握,D_stat,0,0,13,0.0
ライム病,全数把握,D_growth,0,0,13,0.0
ライム病,全数把握,D_spatial,0,0,13,0.0
ライム病,全数把握,combined,7,7,13,0.538
ラッサ熱,全数把握,D_rare,0,0,13,0.0
ラッサ熱,全数把握,D_stat,0,0,13,0.0
ラッサ熱,全数把握,D_growth,0,0,13,0.0
ラッサ熱,全数把握,D_spatial,0,0,13,0.0
ラッサ熱,全数把握,combined,0,0,13,0.0
リッサウイルス感染症,全数把握,D_rare,0,0,13,0.0
リッサウイルス感染症,全数把握,D_stat,0,0,13,0.0
リッサウイルス感染症,全数把握,D_growth,0,0,13,0.0
リッサウイルス感染症,全数把握,D_spatial,0,0,13,0.0
リッサウイルス感染症,全数把握,combined,0,0,13,0.0
リフトバレー熱,全数把握,D_rare,0,0,13,0.0
リフトバレー熱,全数把握,D_stat,0,0,13,0.0
リフトバレー熱,全数把握,D_growth,0,0,13,0.0
リフトバレー熱,全数把握,D_spatial,0,0,13,0.0
リフトバレー熱,全数把握,combined,0,0,13,0.0
レジオネラ症,全数把握,D_rare,0,0,13,0.0
レジオネラ症,全数把握,D_stat,14,14,13,1.077
レジオネラ症,全数把握,D_growth,0,0,13,0.0
レジオネラ症,全数把握,D_spatial,0,0,13,0.0
レジオネラ症,全数把握,combined,14,14,13,1.077
レプトスピラ症,全数把握,D_rare,13,13,13,1.0
レプトスピラ症,全数把握,D_stat,0,0,13,0.0
レプトスピラ症,全数把握,D_growth,0,0,13,0.0
レプトスピラ症,全数把握,D_spatial,0,0,13,0.0
レプトスピラ症,全数把握,combined,13,13,13,1.0
ロッキー山紅斑熱,全数把握,D_rare,0,0,13,0.0
ロッキー山紅斑熱,全数把握,D_stat,0,0,13,0.0
ロッキー山紅斑熱,全数把握,D_growth,0,0,13,0.0
ロッキー山紅斑熱,全数把握,D_spatial,0,0,13,0.0
ロッキー山紅斑熱,全数把握,combined,0,0,13,0.0
伝染性紅斑,sentinel/その他,D_rare,0,0,13,0.0
伝染性紅斑,sentinel/その他,D_stat,8,8,13,0.615
伝染性紅斑,sentinel/その他,D_growth,0,0,13,0.0
伝染性紅斑,sentinel/その他,D_spatial,0,0,13,0.0
伝染性紅斑,sentinel/その他,combined,8,8,13,0.615
侵襲性インフルエンザ菌感染症,全数把握,D_rare,24,24,13,1.846
侵襲性インフルエンザ菌感染症,全数把握,D_stat,5,5,13,0.385
侵襲性インフルエンザ菌感染症,全数把握,D_growth,0,0,13,0.0
侵襲性インフルエンザ菌感染症,全数把握,D_spatial,0,0,13,0.0
侵襲性インフルエンザ菌感染症,全数把握,combined,24,24,13,1.846
侵襲性肺炎球菌感染症,全数把握,D_rare,0,0,13,0.0
侵襲性肺炎球菌感染症,全数把握,D_stat,15,15,13,1.154
侵襲性肺炎球菌感染症,全数把握,D_growth,1,1,13,0.077
侵襲性肺炎球菌感染症,全数把握,D_spatial,0,0,13,0.0
侵襲性肺炎球菌感染症,全数把握,combined,16,16,13,1.231
侵襲性髄膜炎菌感染症,全数把握,D_rare,26,26,13,2.0
侵襲性髄膜炎菌感染症,全数把握,D_stat,0,0,13,0.0
侵襲性髄膜炎菌感染症,全数把握,D_growth,0,0,13,0.0
侵襲性髄膜炎菌感染症,全数把握,D_spatial,0,0,13,0.0
侵襲性髄膜炎菌感染症,全数把握,combined,26,26,13,2.0
先天性風しん症候群,全数把握,D_rare,0,0,13,0.0
先天性風しん症候群,全数把握,D_stat,0,0,13,0.0
先天性風しん症候群,全数把握,D_growth,0,0,13,0.0
先天性風しん症候群,全数把握,D_spatial,0,0,13,0.0
先天性風しん症候群,全数把握,combined,0,0,13,0.0
劇症型溶血性レンサ球菌感染症,全数把握,D_rare,11,11,13,0.846
劇症型溶血性レンサ球菌感染症,全数把握,D_stat,12,12,13,0.923
劇症型溶血性レンサ球菌感染症,全数把握,D_growth,0,0,13,0.0
劇症型溶血性レンサ球菌感染症,全数把握,D_spatial,0,0,13,0.0
劇症型溶血性レンサ球菌感染症,全数把握,combined,19,19,13,1.462
南米出血熱,全数把握,D_rare,0,0,13,0.0
南米出血熱,全数把握,D_stat,0,0,13,0.0
南米出血熱,全数把握,D_growth,0,0,13,0.0
南米出血熱,全数把握,D_spatial,0,0,13,0.0
南米出血熱,全数把握,combined,0,0,13,0.0
咽頭結膜熱,sentinel/その他,D_rare,0,0,13,0.0
咽頭結膜熱,sentinel/その他,D_stat,6,6,13,0.462
咽頭結膜熱,sentinel/その他,D_growth,0,0,13,0.0
咽頭結膜熱,sentinel/その他,D_spatial,0,0,13,0.0
咽頭結膜熱,sentinel/その他,combined,6,6,13,0.462
回帰熱,全数把握,D_rare,1,1,13,0.077
回帰熱,全数把握,D_stat,0,0,13,0.0
回帰熱,全数把握,D_growth,0,0,13,0.0
回帰熱,全数把握,D_spatial,0,0,13,0.0
回帰熱,全数把握,combined,1,1,13,0.077
後天性免疫不全症候群,全数把握,D_rare,0,0,13,0.0
後天性免疫不全症候群,全数把握,D_stat,0,0,13,0.0
後天性免疫不全症候群,全数把握,D_growth,0,0,13,0.0
後天性免疫不全症候群,全数把握,D_spatial,0,0,13,0.0
後天性免疫不全症候群,全数把握,combined,0,0,13,0.0
急性出血性結膜炎,sentinel/その他,D_rare,0,0,13,0.0
急性出血性結膜炎,sentinel/その他,D_stat,4,4,13,0.308
急性出血性結膜炎,sentinel/その他,D_growth,0,0,13,0.0
急性出血性結膜炎,sentinel/その他,D_spatial,0,0,13,0.0
急性出血性結膜炎,sentinel/その他,combined,4,4,13,0.308
急性脳炎,全数把握,D_rare,15,15,13,1.154
急性脳炎,全数把握,D_stat,13,13,13,1.0
急性脳炎,全数把握,D_growth,0,0,13,0.0
急性脳炎,全数把握,D_spatial,0,0,13,0.0
急性脳炎,全数把握,combined,21,21,13,1.615
感染性胃腸炎,sentinel/その他,D_rare,0,0,13,0.0
感染性胃腸炎,sentinel/その他,D_stat,5,5,13,0.385
感染性胃腸炎,sentinel/その他,D_growth,1,1,13,0.077
感染性胃腸炎,sentinel/その他,D_spatial,0,0,13,0.0
感染性胃腸炎,sentinel/その他,combined,6,6,13,0.462
手足口病,sentinel/その他,D_rare,0,0,13,0.0
手足口病,sentinel/その他,D_stat,8,8,13,0.615
手足口病,sentinel/その他,D_growth,6,5,13,0.385
手足口病,sentinel/その他,D_spatial,7,7,13,0.538
手足口病,sentinel/その他,combined,14,13,13,1.0
日本紅斑熱,全数把握,D_rare,28,28,13,2.154
日本紅斑熱,全数把握,D_stat,6,6,13,0.462
日本紅斑熱,全数把握,D_growth,1,1,13,0.077
日本紅斑熱,全数把握,D_spatial,0,0,13,0.0
日本紅斑熱,全数把握,combined,33,33,13,2.538
日本脳炎,全数把握,D_rare,1,1,13,0.077
日本脳炎,全数把握,D_stat,0,0,13,0.0
日本脳炎,全数把握,D_growth,0,0,13,0.0
日本脳炎,全数把握,D_spatial,0,0,13,0.0
日本脳炎,全数把握,combined,1,1,13,0.077
東部ウマ脳炎,全数把握,D_rare,0,0,13,0.0
東部ウマ脳炎,全数把握,D_stat,0,0,13,0.0
東部ウマ脳炎,全数把握,D_growth,0,0,13,0.0
東部ウマ脳炎,全数把握,D_spatial,0,0,13,0.0
東部ウマ脳炎,全数把握,combined,0,0,13,0.0
梅毒,全数把握,D_rare,0,0,13,0.0
梅毒,全数把握,D_stat,25,22,13,1.692
梅毒,全数把握,D_growth,0,0,13,0.0
梅毒,全数把握,D_spatial,31,27,13,2.077
梅毒,全数把握,combined,33,29,13,2.231
水痘,sentinel/その他,D_rare,0,0,13,0.0
水痘,sentinel/その他,D_stat,5,5,13,0.385
水痘,sentinel/その他,D_growth,0,0,13,0.0
水痘,sentinel/その他,D_spatial,0,0,13,0.0
水痘,sentinel/その他,combined,5,5,13,0.385
流行性耳下腺炎,sentinel/その他,D_rare,0,0,13,0.0
流行性耳下腺炎,sentinel/その他,D_stat,2,2,13,0.154
流行性耳下腺炎,sentinel/その他,D_growth,0,0,13,0.0
流行性耳下腺炎,sentinel/その他,D_spatial,0,0,13,0.0
流行性耳下腺炎,sentinel/その他,combined,2,2,13,0.154
流行性角結膜炎,sentinel/その他,D_rare,0,0,13,0.0
流行性角結膜炎,sentinel/その他,D_stat,15,15,13,1.154
流行性角結膜炎,sentinel/その他,D_growth,0,0,13,0.0
流行性角結膜炎,sentinel/その他,D_spatial,0,0,13,0.0
流行性角結膜炎,sentinel/その他,combined,15,15,13,1.154
炭疽,全数把握,D_rare,0,0,13,0.0
炭疽,全数把握,D_stat,0,0,13,0.0
炭疽,全数把握,D_growth,0,0,13,0.0
炭疽,全数把握,D_spatial,0,0,13,0.0
炭疽,全数把握,combined,0,0,13,0.0
無菌性髄膜炎,sentinel/その他,D_rare,0,0,13,0.0
無菌性髄膜炎,sentinel/その他,D_stat,6,6,13,0.462
無菌性髄膜炎,sentinel/その他,D_growth,0,0,13,0.0
無菌性髄膜炎,sentinel/その他,D_spatial,0,0,13,0.0
無菌性髄膜炎,sentinel/その他,combined,6,6,13,0.462
痘そう,全数把握,D_rare,0,0,13,0.0
痘そう,全数把握,D_stat,0,0,13,0.0
痘そう,全数把握,D_growth,0,0,13,0.0
痘そう,全数把握,D_spatial,0,0,13,0.0
痘そう,全数把握,combined,0,0,13,0.0
発しんチフス,全数把握,D_rare,0,0,13,0.0
発しんチフス,全数把握,D_stat,0,0,13,0.0
発しんチフス,全数把握,D_growth,0,0,13,0.0
発しんチフス,全数把握,D_spatial,0,0,13,0.0
発しんチフス,全数把握,combined,0,0,13,0.0
百日咳,全数把握,D_rare,0,0,13,0.0
百日咳,全数把握,D_stat,14,14,13,1.077
百日咳,全数把握,D_growth,0,0,13,0.0
百日咳,全数把握,D_spatial,0,0,13,0.0
百日咳,全数把握,combined,15,15,13,1.154
破傷風,全数把握,D_rare,57,57,13,4.385
破傷風,全数把握,D_stat,0,0,13,0.0
破傷風,全数把握,D_growth,0,0,13,0.0
破傷風,全数把握,D_spatial,0,0,13,0.0
破傷風,全数把握,combined,57,57,13,4.385
突発性発しん,sentinel/その他,D_rare,0,0,13,0.0
突発性発しん,sentinel/その他,D_stat,0,0,13,0.0
突発性発しん,sentinel/その他,D_growth,0,0,13,0.0
突発性発しん,sentinel/その他,D_spatial,0,0,13,0.0
突発性発しん,sentinel/その他,combined,0,0,13,0.0
細菌性赤痢,全数把握,D_rare,38,38,13,2.923
細菌性赤痢,全数把握,D_stat,0,0,13,0.0
細菌性赤痢,全数把握,D_growth,0,0,13,0.0
細菌性赤痢,全数把握,D_spatial,0,0,13,0.0
細菌性赤痢,全数把握,combined,38,38,13,2.923
細菌性髄膜炎,sentinel/その他,D_rare,0,0,13,0.0
細菌性髄膜炎,sentinel/その他,D_stat,2,2,13,0.154
細菌性髄膜炎,sentinel/その他,D_growth,0,0,13,0.0
細菌性髄膜炎,sentinel/その他,D_spatial,0,0,13,0.0
細菌性髄膜炎,sentinel/その他,combined,2,2,13,0.154
結核,全数把握,D_rare,0,0,13,0.0
結核,全数把握,D_stat,1,1,13,0.077
結核,全数把握,D_growth,0,0,13,0.0
結核,全数把握,D_spatial,0,0,13,0.0
結核,全数把握,combined,1,1,13,0.077
腎症候性出血熱,全数把握,D_rare,0,0,13,0.0
腎症候性出血熱,全数把握,D_stat,0,0,13,0.0
腎症候性出血熱,全数把握,D_growth,0,0,13,0.0
腎症候性出血熱,全数把握,D_spatial,0,0,13,0.0
腎症候性出血熱,全数把握,combined,0,0,13,0.0
腸チフス,全数把握,D_rare,21,21,13,1.615
腸チフス,全数把握,D_stat,0,0,13,0.0
腸チフス,全数把握,D_growth,0,0,13,0.0
腸チフス,全数把握,D_spatial,0,0,13,0.0
腸チフス,全数把握,combined,21,21,13,1.615
腸管出血性大腸菌感染症,全数把握,D_rare,0,0,13,0.0
腸管出血性大腸菌感染症,全数把握,D_stat,8,8,13,0.615
腸管出血性大腸菌感染症,全数把握,D_growth,0,0,13,0.0
腸管出血性大腸菌感染症,全数把握,D_spatial,0,0,13,0.0
腸管出血性大腸菌感染症,全数把握,combined,8,8,13,0.615
西部ウマ脳炎,全数把握,D_rare,0,0,13,0.0
西部ウマ脳炎,全数把握,D_stat,0,0,13,0.0
西部ウマ脳炎,全数把握,D_growth,0,0,13,0.0
西部ウマ脳炎,全数把握,D_spatial,0,0,13,0.0
西部ウマ脳炎,全数把握,combined,0,0,13,0.0
重症急性呼吸器症候群,全数把握,D_rare,0,0,13,0.0
重症急性呼吸器症候群,全数把握,D_stat,0,0,13,0.0
重症急性呼吸器症候群,全数把握,D_growth,0,0,13,0.0
重症急性呼吸器症候群,全数把握,D_spatial,0,0,13,0.0
重症急性呼吸器症候群,全数把握,combined,0,0,13,0.0
重症熱性血小板減少症候群,全数把握,D_rare,32,32,13,2.462
重症熱性血小板減少症候群,全数把握,D_stat,1,1,13,0.077
重症熱性血小板減少症候群,全数把握,D_growth,0,0,13,0.0
重症熱性血小板減少症候群,全数把握,D_spatial,0,0,13,0.0
重症熱性血小板減少症候群,全数把握,combined,32,32,13,2.462
類鼻疽,全数把握,D_rare,0,0,13,0.0
類鼻疽,全数把握,D_stat,0,0,13,0.0
類鼻疽,全数把握,D_growth,0,0,13,0.0
類鼻疽,全数把握,D_spatial,0,0,13,0.0
類鼻疽,全数把握,combined,0,0,13,0.0
風しん,全数把握,D_rare,12,10,13,0.769
風しん,全数把握,D_stat,1,1,13,0.077
風しん,全数把握,D_growth,2,1,13,0.077
風しん,全数把握,D_spatial,1,0,13,0.0
風しん,全数把握,combined,13,11,13,0.846
鳥インフルエンザ,sentinel/その他,D_rare,0,0,13,0.0
鳥インフルエンザ,sentinel/その他,D_stat,0,0,13,0.0
鳥インフルエンザ,sentinel/その他,D_growth,0,0,13,0.0
鳥インフルエンザ,sentinel/その他,D_spatial,0,0,13,0.0
鳥インフルエンザ,sentinel/その他,combined,0,0,13,0.0
鳥インフルエンザ（H5N1),sentinel/その他,D_rare,0,0,13,0.0
鳥インフルエンザ（H5N1),sentinel/その他,D_stat,0,0,13,0.0
鳥インフルエンザ（H5N1),sentinel/その他,D_growth,0,0,13,0.0
鳥インフルエンザ（H5N1),sentinel/その他,D_spatial,0,0,13,0.0
鳥インフルエンザ（H5N1),sentinel/その他,combined,0,0,13,0.0
鳥インフルエンザ（H7N9),sentinel/その他,D_rare,0,0,13,0.0
鳥インフルエンザ（H7N9),sentinel/その他,D_stat,0,0,13,0.0
鳥インフルエンザ（H7N9),sentinel/その他,D_growth,0,0,13,0.0
鳥インフルエンザ（H7N9),sentinel/その他,D_spatial,0,0,13,0.0
鳥インフルエンザ（H7N9),sentinel/その他,combined,0,0,13,0.0
麻しん,全数把握,D_rare,17,14,13,1.077
麻しん,全数把握,D_stat,0,0,13,0.0
麻しん,全数把握,D_growth,1,1,13,0.077
麻しん,全数把握,D_spatial,7,5,13,0.385
麻しん,全数把握,combined,18,15,13,1.154
黄熱,全数把握,D_rare,0,0,13,0.0
黄熱,全数把握,D_stat,0,0,13,0.0
黄熱,全数把握,D_growth,0,0,13,0.0
黄熱,全数把握,D_spatial,0,0,13,0.0
黄熱,全数把握,combined,0,0,13,0.0
鼻疽,全数把握,D_rare,0,0,13,0.0
鼻疽,全数把握,D_stat,0,0,13,0.0
鼻疽,全数把握,D_growth,0,0,13,0.0
鼻疽,全数把握,D_spatial,0,0,13,0.0
鼻疽,全数把握,combined,0,0,13,0.0
Ａ型肝炎,全数把握,D_rare,39,39,13,3.0
Ａ型肝炎,全数把握,D_stat,3,3,13,0.231
Ａ型肝炎,全数把握,D_growth,0,0,13,0.0
Ａ型肝炎,全数把握,D_spatial,0,0,13,0.0
Ａ型肝炎,全数把握,combined,39,39,13,3.0
レンサ球菌咽頭炎,sentinel/その他,D_rare,0,0,13,0.0
レンサ球菌咽頭炎,sentinel/その他,D_stat,10,10,13,0.769
レンサ球菌咽頭炎,sentinel/その他,D_growth,0,0,13,0.0
レンサ球菌咽頭炎,sentinel/その他,D_spatial,0,0,13,0.0
レンサ球菌咽頭炎,sentinel/その他,combined,10,10,13,0.769
Ｅ型肝炎,全数把握,D_rare,9,9,13,0.692
Ｅ型肝炎,全数把握,D_stat,4,4,13,0.308
Ｅ型肝炎,全数把握,D_growth,0,0,13,0.0
Ｅ型肝炎,全数把握,D_spatial,0,0,13,0.0
Ｅ型肝炎,全数把握,combined,10,10,13,0.769
Ｑ熱,全数把握,D_rare,0,0,13,0.0
Ｑ熱,全数把握,D_stat,0,0,13,0.0
Ｑ熱,全数把握,D_growth,0,0,13,0.0
Ｑ熱,全数把握,D_spatial,0,0,13,0.0
Ｑ熱,全数把握,combined,0,0,13,0.0
カルバペネム耐性腸内細菌目細菌感染症,全数把握,D_rare,1,1,12,0.083
カルバペネム耐性腸内細菌目細菌感染症,全数把握,D_stat,5,5,12,0.417
カルバペネム耐性腸内細菌目細菌感染症,全数把握,D_growth,2,2,12,0.167
カルバペネム耐性腸内細菌目細菌感染症,全数把握,D_spatial,0,0,12,0.0
カルバペネム耐性腸内細菌目細菌感染症,全数把握,combined,8,8,12,0.667
中東呼吸器症候群,全数把握,D_rare,0,0,12,0.0
中東呼吸器症候群,全数把握,D_stat,0,0,12,0.0
中東呼吸器症候群,全数把握,D_growth,0,0,12,0.0
中東呼吸器症候群,全数把握,D_spatial,0,0,12,0.0
中東呼吸器症候群,全数把握,combined,0,0,12,0.0
播種性クリプトコックス症,全数把握,D_rare,53,53,12,4.417
播種性クリプトコックス症,全数把握,D_stat,0,0,12,0.0
播種性クリプトコックス症,全数把握,D_growth,0,0,12,0.0
播種性クリプトコックス症,全数把握,D_spatial,0,0,12,0.0
播種性クリプトコックス症,全数把握,combined,53,53,12,4.417
水痘（入院例に限る）,全数把握,D_rare,28,28,12,2.333
水痘（入院例に限る）,全数把握,D_stat,3,3,12,0.25
水痘（入院例に限る）,全数把握,D_growth,0,0,12,0.0
水痘（入院例に限る）,全数把握,D_spatial,0,0,12,0.0
水痘（入院例に限る）,全数把握,combined,28,28,12,2.333
薬剤耐性アシネトバクター感染症,全数把握,D_rare,3,3,12,0.25
薬剤耐性アシネトバクター感染症,全数把握,D_stat,0,0,12,0.0
薬剤耐性アシネトバクター感染症,全数把握,D_growth,0,0,12,0.0
薬剤耐性アシネトバクター感染症,全数把握,D_spatial,0,0,12,0.0
薬剤耐性アシネトバクター感染症,全数把握,combined,3,3,12,0.25
ジカウイルス感染症,全数把握,D_rare,0,0,10,0.0
ジカウイルス感染症,全数把握,D_stat,0,0,10,0.0
ジカウイルス感染症,全数把握,D_growth,0,0,10,0.0
ジカウイルス感染症,全数把握,D_spatial,0,0,10,0.0
ジカウイルス感染症,全数把握,combined,0,0,10,0.0
キャサヌル森林病1,sentinel/その他,D_rare,0,0,5,0.0
キャサヌル森林病1,sentinel/その他,D_stat,0,0,5,0.0
キャサヌル森林病1,sentinel/その他,D_growth,0,0,5,0.0
キャサヌル森林病1,sentinel/その他,D_spatial,0,0,5,0.0
キャサヌル森林病1,sentinel/その他,combined,0,0,5,0.0
急性弛緩性麻痺,全数把握,D_rare,12,12,8,1.5
急性弛緩性麻痺,全数把握,D_stat,0,0,8,0.0
急性弛緩性麻痺,全数把握,D_growth,0,0,8,0.0
急性弛緩性麻痺,全数把握,D_spatial,0,0,8,0.0
急性弛緩性麻痺,全数把握,combined,12,12,8,1.5
感染性胃腸炎（ロタウイルス）,sentinel/その他,D_rare,0,0,8,0.0
感染性胃腸炎（ロタウイルス）,sentinel/その他,D_stat,1,1,8,0.125
感染性胃腸炎（ロタウイルス）,sentinel/その他,D_growth,0,0,8,0.0
感染性胃腸炎（ロタウイルス）,sentinel/その他,D_spatial,0,0,8,0.0
感染性胃腸炎（ロタウイルス）,sentinel/その他,combined,1,1,8,0.125
新型コロナウイルス感染症（疑い例を含む）,sentinel/その他,D_rare,0,0,2,0.0
新型コロナウイルス感染症（疑い例を含む）,sentinel/その他,D_stat,0,0,2,0.0
新型コロナウイルス感染症（疑い例を含む）,sentinel/その他,D_growth,1,1,2,0.5
新型コロナウイルス感染症（疑い例を含む）,sentinel/その他,D_spatial,0,0,2,0.0
新型コロナウイルス感染症（疑い例を含む）,sentinel/その他,combined,1,1,2,0.5
鳥インフルエンザ(Ｈ５Ｎ１を除く）,全数把握,D_rare,0,0,1,0.0
鳥インフルエンザ(Ｈ５Ｎ１を除く）,全数把握,D_stat,0,0,1,0.0
鳥インフルエンザ(Ｈ５Ｎ１を除く）,全数把握,D_growth,0,0,1,0.0
鳥インフルエンザ(Ｈ５Ｎ１を除く）,全数把握,D_spatial,0,0,1,0.0
鳥インフルエンザ(Ｈ５Ｎ１を除く）,全数把握,combined,0,0,1,0.0
エムポックス,全数把握,D_rare,2,2,3,0.667
エムポックス,全数把握,D_stat,0,0,3,0.0
エムポックス,全数把握,D_growth,0,0,3,0.0
エムポックス,全数把握,D_spatial,0,0,3,0.0
エムポックス,全数把握,combined,2,2,3,0.667
新型コロナウイルス感染症,sentinel/その他,D_rare,0,0,3,0.0
新型コロナウイルス感染症,sentinel/その他,D_stat,0,0,3,0.0
新型コロナウイルス感染症,sentinel/その他,D_growth,1,1,3,0.333
新型コロナウイルス感染症,sentinel/その他,D_spatial,0,0,3,0.0
新型コロナウイルス感染症,sentinel/その他,combined,1,1,3,0.333
‌回帰熱,sentinel/その他,D_rare,0,0,1,0.0
‌回帰熱,sentinel/その他,D_stat,0,0,1,0.0
‌回帰熱,sentinel/その他,D_growth,0,0,1,0.0
‌回帰熱,sentinel/その他,D_spatial,0,0,1,0.0
‌回帰熱,sentinel/その他,combined,0,0,1,0.0
多剤耐性緑膿菌感染症,全数把握,D_rare,0,0,1,0.0
多剤耐性緑膿菌感染症,全数把握,D_stat,0,0,1,0.0
多剤耐性緑膿菌感染症,全数把握,D_growth,0,0,1,0.0
多剤耐性緑膿菌感染症,全数把握,D_spatial,0,0,1,0.0
多剤耐性緑膿菌感染症,全数把握,combined,0,0,1,0.0
